Re,N_qlbm,n_qubits,n_steps,wall_time_s,timed_out,l2_error,kinetic_energy_qlbm,kinetic_energy_exact,memory_mb,solver_mode
10.0,8,10,3,2.2481065999600105,False,0.06347665954826334,0.14937140970432447,0.18593046985269357,0.016384,hybrid
100.0,8,10,3,3.0858628999558277,False,0.08734106304274937,0.18632952792946247,0.24270630832252515,0.016384,hybrid
