Re,N_qlbm,n_qubits,n_steps,wall_time_s,timed_out,l2_error,kinetic_energy_qlbm,kinetic_energy_exact,memory_mb,solver_mode
10.0,8,10,13,4.443019199999981,False,0.03725324778758767,0.0562117003327529,0.06929774359580172,0.016384,hybrid
100.0,8,10,13,3.9080363000393845,False,0.1054726084677976,0.15606814934914,0.21989629759408114,0.016384,hybrid
500.0,8,10,13,4.277765600010753,False,0.13092599389557857,0.16150178081594835,0.24366636825748,0.016384,hybrid
