Re,N_qlbm,n_qubits,n_steps,wall_time_s,timed_out,l2_error,kinetic_energy_qlbm,kinetic_energy_exact,memory_mb,solver_mode
10.0,8,10,13,4.670338899944909,False,0.03725324778758767,0.0562117003327529,0.06929774359580172,0.016384,hybrid
100.0,8,10,13,4.31946919998154,False,0.1054726084677976,0.15606814934914,0.21989629759408114,0.016384,hybrid
500.0,16,12,25,54.267828100011684,False,0.03391156184981036,0.22517331528006967,0.24390697603918504,0.065536,hybrid
