Re,N_qlbm,n_qubits,n_steps,wall_time_s,timed_out,l2_error,kinetic_energy_qlbm,kinetic_energy_exact,memory_mb,solver_mode
10.0,8,10,13,11.022345200006384,False,0.03725324778758767,0.0562117003327529,0.06929774359580172,0.016384,hybrid
100.0,16,12,25,56.34860180004034,False,0.025554988010470736,0.20877554180963676,0.22098412422437785,0.065536,hybrid
500.0,16,12,25,56.95116130000679,False,0.03391156184981036,0.22517331528006967,0.24390697603918504,0.065536,hybrid
